"SubscriptionName","SqlServerName","DatabaseName","ResourceGroupName","databaseSkuName","CurrentServiceObjectiveName","Data space allocated","Data space used","Percentage CPU","DTU Limit","DTU Used Average","sql_instance_memory_percent"
"AppKjopesenter","thonshopping-profilehub-db","master","thon-profilehub-rg","System","System3","0","0","0","0","0","0"
"AppKjopesenter","thonshopping-profilehub-db","profilehub-prod","thon-profilehub-rg","GP_S_Gen5","GP_S_Gen5_20","15808","15729.352","0","0","0","0"
"AppKjopesenter","thonshopping-profilehub-db","profilehub-test","thon-profilehub-rg","GP_S_Gen5","GP_S_Gen5_2","4592","599.013","0","0","0","0"
"AppKjopesenter","thonshopping-profilehub-db","profilehub-dev","thon-profilehub-rg","GP_S_Gen5","GP_S_Gen5_2","1296","511.942","0","0","0","0"
"AppKjopesenter","thonshopping-profilehub-db","profilehub-stage","thon-profilehub-rg","GP_S_Gen5","GP_S_Gen5_2","4592","611.886","0","0","0","0"
"Atlas","atlas-dev-sqlserver","push","Atlas-dev-rg","ElasticPool","ElasticPool","64","25.614","0","4.99918981481482","1.07060185185185E-05","0"
"Atlas","atlas-dev-sqlserver","email","Atlas-dev-rg","ElasticPool","ElasticPool","32","24.486","0","4.99936342592593","0","0"
"Atlas","atlas-dev-sqlserver","master","Atlas-dev-rg","System","System2","0","0","0","0","0","0"
"Atlas","atlas-dev-sqlserver","hotel-app-backend","Atlas-dev-rg","ElasticPool","ElasticPool","96","49.995","0","4.99890046296296","0.000310860339506172","0"
"Atlas","atlas-dev-sqlserver","content","Atlas-dev-rg","ElasticPool","ElasticPool","1360","588.064","0","4.99924768518519","0.057913676697533","0"
"Atlas","atlas-dev-sqlserver","package","Atlas-dev-rg","ElasticPool","ElasticPool","48","30.392","0","4.99965277777778","0.00154822530864198","0"
"Atlas","atlas-dev-sqlserver","atlas-identity","Atlas-dev-rg","ElasticPool","ElasticPool","208","44.616","0","4.99890046296296","0.000619598765432085","0"
"Atlas","atlas-dev-sqlserver","external-identity","Atlas-dev-rg","ElasticPool","ElasticPool","32","25.577","0","4.99895833333333","0","0"
"Atlas","atlas-dev-sqlserver","sms","Atlas-dev-rg","ElasticPool","ElasticPool","32","23.749","0","4.99936342592593","2.37268518518519E-05","0"
"Atlas","atlas-dev-sqlserver","profile","Atlas-dev-rg","ElasticPool","ElasticPool","480","423.742","0","4.99940200617284","0.000351948302469136","0"
"Atlas","atlas-dev-sqlserver","urlshortener","Atlas-dev-rg","ElasticPool","ElasticPool","80","25.559","0","4.9990162037037","7.52314814814815E-06","0"
"Atlas","atlas-dev-sqlserver","release-notes","Atlas-dev-rg","ElasticPool","ElasticPool","32","25.296","0","4.99957561728395","0","0"
"Atlas","atlas-dev-sqlserver","facebookads","Atlas-dev-rg","ElasticPool","ElasticPool","48","28.825","0","4.99965277777778","0","0"
"Atlas","atlas-dev-sqlserver","responsys","Atlas-dev-rg","ElasticPool","ElasticPool","480","454.064","0","4.99890046296296","9.96334876543215E-05","0"
"Atlas","atlas-dev-sqlserver","payment","Atlas-dev-rg","ElasticPool","ElasticPool","96","48.735","0","4.99924768518519","7.20486111111113E-05","0"
"Atlas","atlas-dev-sqlserver","signing","Atlas-dev-rg","ElasticPool","ElasticPool","32","24.917","0","4.99976851851852","0","0"
"Atlas","atlas-dev-sqlserver","checkout","Atlas-dev-rg","ElasticPool","ElasticPool","64","25.946","0","4.99947916666667","2.08333333333333E-05","0"
"Atlas","atlas-dev-sqlserver","giftcard.prodbackup","Atlas-dev-rg","Standard","S0","144","128.813","0","9.99880686055183","0","0"
"Atlas","atlas-dev-sqlserver","checkin","Atlas-dev-rg","ElasticPool","ElasticPool","160","36.976","0","4.99953703703704","0.000138117283950617","0"
"Atlas","atlas-dev-sqlserver","company","Atlas-dev-rg","ElasticPool","ElasticPool","48","31.688","0","4.99924768518519","3.16358024691358E-05","0"
"Atlas","atlas-dev-sqlserver","console","Atlas-dev-rg","ElasticPool","ElasticPool","123.037","109.907","0","4.99947916666667","0.0512032214506023","0"
"Atlas","atlas-dev-sqlserver","article","Atlas-dev-rg","ElasticPool","ElasticPool","48","24.928","0","4.99988425925926","4.86111111111111E-05","0"
"Atlas","atlas-dev-sqlserver","room","Atlas-dev-rg","ElasticPool","ElasticPool","48","25.183","0","4.99884259259259","0","0"
"Atlas","atlas-dev-sqlserver","booking_Copy","Atlas-dev-rg","ElasticPool","ElasticPool","384","133.087","0","4.99918981481482","0","0"
"Atlas","atlas-dev-sqlserver","pricefeed","Atlas-dev-rg","ElasticPool","ElasticPool","48","33.849","0","4.9994212962963","7.59066358024691E-05","0"
"Atlas","atlas-dev-sqlserver","block","Atlas-dev-rg","ElasticPool","ElasticPool","32","25.391","0","4.99924768518519","4.6875E-05","0"
"Atlas","atlas-dev-sqlserver","offline","Atlas-dev-rg","ElasticPool","ElasticPool","48","31.829","0","4.99924768518519","5.78703703703704E-06","0"
"Atlas","atlas-dev-sqlserver","atlas-identity.backup","Atlas-dev-rg","ElasticPool","ElasticPool","80","44.445","0","4.99878472222222","0","0"
"Atlas","atlas-dev-sqlserver","googlehotelads","Atlas-dev-rg","ElasticPool","ElasticPool","80","46.085","0","4.99890046296296","0","0"
"Atlas","atlas-dev-sqlserver","tps","Atlas-dev-rg","ElasticPool","ElasticPool","80","34.624","0","4.99936342592593","8.68055555555556E-06","0"
"Atlas","atlas-dev-sqlserver","review","Atlas-dev-rg","ElasticPool","ElasticPool","32","23.597","0","4.99913194444444","0","0"
"Atlas","atlas-dev-sqlserver","giftcard","Atlas-dev-rg","ElasticPool","ElasticPool","80","28.292","0","4.99953703703704","3.56867283950617E-06","0"
"Atlas","atlas-dev-sqlserver","ohip-events","Atlas-dev-rg","ElasticPool","ElasticPool","32","24.368","0","4.99918981481482","7.46527777777778E-05","0"
"Atlas","atlas-dev-sqlserver","booking","Atlas-dev-rg","ElasticPool","ElasticPool","384","84.004","0","4.99918981481482","0.00546942515432088","0"
"Atlas","atlas-dev-sqlserver","stay","Atlas-dev-rg","ElasticPool","ElasticPool","160","40.321","0","4.9990162037037","0.0154995177469135","0"
"Atlas","atlas-dev-sqlserver","flex-identity","Atlas-dev-rg","ElasticPool","ElasticPool","48","28.281","0","4.9990162037037","7.00231481481482E-05","0"
"Atlas","thon-atlas-prod-sqlserver","facebookads","Atlas-prod-rg","ElasticPool","ElasticPool","48","30.149","0","199.976851316003","0","0"
"Atlas","thon-atlas-prod-sqlserver","checkout","Atlas-prod-rg","ElasticPool","ElasticPool","2739.045","2704.294","0","199.974536447603","0.332438250885437","0"
"Atlas","thon-atlas-prod-sqlserver","push","Atlas-prod-rg","ElasticPool","ElasticPool","3760","1200.393","0","199.962962105604","0.0473236263185105","0"
"Atlas","thon-atlas-prod-sqlserver","responsys","Atlas-prod-rg","ElasticPool","ElasticPool","80","48.136","0","199.945986404006","0.00577173854333048","0"
"Atlas","thon-atlas-prod-sqlserver","stay","Atlas-prod-rg","ElasticPool","ElasticPool","3744","2202.23","0","199.944443158406","0.366713735657461","0"
"Atlas","thon-atlas-prod-sqlserver","booking","Atlas-prod-rg","ElasticPool","ElasticPool","15972.355","15930.182","0","199.938270176007","10.4716197134193","0"
"Atlas","thon-atlas-prod-sqlserver","package","Atlas-prod-rg","ElasticPool","ElasticPool","80","36.015","0","199.975308070403","0.00307105874364376","0"
"Atlas","thon-atlas-prod-sqlserver","email","Atlas-prod-rg","ElasticPool","ElasticPool","48","27.196","0","199.955245877605","0","0"
"Atlas","thon-atlas-prod-sqlserver","checkin","Atlas-prod-rg","ElasticPool","ElasticPool","3895.373","3860.589","0","199.943671535607","0.824478961704361","0"
"Atlas","thon-atlas-prod-sqlserver","offline","Atlas-prod-rg","ElasticPool","ElasticPool","48","33.715","0","199.985339166802","8.10203939906016E-05","0"
"Atlas","thon-atlas-prod-sqlserver","room","Atlas-prod-rg","ElasticPool","ElasticPool","64","23.9","0","199.967591842404","0","0"
"Atlas","thon-atlas-prod-sqlserver","urlshortener","Atlas-prod-rg","ElasticPool","ElasticPool","80","30.046","0","199.942128290007","0","0"
"Atlas","thon-atlas-prod-sqlserver","sms","Atlas-prod-rg","ElasticPool","ElasticPool","112","101.604","0","199.965276974004","0.00192134077177712","0"
"Atlas","thon-atlas-prod-sqlserver","googlehotelads","Atlas-prod-rg","ElasticPool","ElasticPool","96","46.486","0","199.933640439208","0","0"
"Atlas","thon-atlas-prod-sqlserver","pricefeed","Atlas-prod-rg","ElasticPool","ElasticPool","144","77.386","0","199.953702632005","0.00293988286765897","0"
"Atlas","thon-atlas-prod-sqlserver","console","Atlas-prod-rg","ElasticPool","ElasticPool","816","301.497","0","199.976079693203","0.0164702886640894","0"
"Atlas","thon-atlas-prod-sqlserver","ohip-events","Atlas-prod-rg","ElasticPool","ElasticPool","32","23.291","0","199.953702632005","0.00254635523970462","0"
"Atlas","thon-atlas-prod-sqlserver","flex-identity","Atlas-prod-rg","ElasticPool","ElasticPool","48","30.17","0","199.944443158406","8.10203939906016E-05","0"
"Atlas","thon-atlas-prod-sqlserver","booking_per_26-08-2025","Atlas-prod-rg","Standard","S0","16187.268","16161.904","0","9.8943661971831","0.342341549295775","0"
"Atlas","thon-atlas-prod-sqlserver","hotel-app-backend","Atlas-prod-rg","ElasticPool","ElasticPool","288","195.911","0","199.944443158406","0.894268385842265","0"
"Atlas","thon-atlas-prod-sqlserver","payment","Atlas-prod-rg","ElasticPool","ElasticPool","7586.141","7554.192","0","199.954474254805","0.0871046397678958","0"
"Atlas","thon-atlas-prod-sqlserver","article","Atlas-prod-rg","ElasticPool","ElasticPool","48","24.802","0","199.993827017601","0.000362662715957931","0"
"Atlas","thon-atlas-prod-sqlserver","content","Atlas-prod-rg","ElasticPool","ElasticPool","1970.65","1935.039","0","199.953702632005","0.20965377284968","0"
"Atlas","thon-atlas-prod-sqlserver","company","Atlas-prod-rg","ElasticPool","ElasticPool","80","48.958","0","199.945986404006","0.00751946418512774","0"
"Atlas","thon-atlas-prod-sqlserver","master","Atlas-prod-rg","System","System2","0","0","0","0","0","0"
"Atlas","thon-atlas-prod-sqlserver","giftcard","Atlas-prod-rg","ElasticPool","ElasticPool","352","312.772","0","199.965276974004","0.0109609018727285","0"
"Atlas","thon-atlas-prod-sqlserver","profile","Atlas-prod-rg","ElasticPool","ElasticPool","1808","1511.021","0","199.966820219604","25.6704514765002","0"
"Atlas","thon-atlas-prod-sqlserver","atlas-identity","Atlas-prod-rg","ElasticPool","ElasticPool","5456","4091.538","0","199.945986404006","1.10470921394785","0"
"Atlas","thon-atlas-prod-sqlserver","block","Atlas-prod-rg","ElasticPool","ElasticPool","48","26.159","0","199.935183684808","9.2594735989259E-05","0"
"Atlas","thon-atlas-prod-sqlserver","external-identity","Atlas-prod-rg","ElasticPool","ElasticPool","32","23.307","0","199.931325570808","0","0"
"Atlas","thon-atlas-prod-sqlserver","tps","Atlas-prod-rg","ElasticPool","ElasticPool","320","44.394","0","199.955245877605","0.0115550514286596","0"
"Atlas","thon-atlas-test-sqlserver","content","Atlas-test-rg","ElasticPool","ElasticPool","3264","1115.3","0","9.99710648148148","0.136211419753118","0"
"Atlas","thon-atlas-test-sqlserver","console","Atlas-test-rg","ElasticPool","ElasticPool","752","175.647","0","9.99810956790123","0.0447052469135955","0"
"Atlas","thon-atlas-test-sqlserver","tps","Atlas-test-rg","ElasticPool","ElasticPool","80","37.554","0","9.99768518518519","0.000381944444444445","0"
"Atlas","thon-atlas-test-sqlserver","urlshortener","Atlas-test-rg","ElasticPool","ElasticPool","80","28.1","0","9.99710648148148","0","0"
"Atlas","thon-atlas-test-sqlserver","external-identity","Atlas-test-rg","ElasticPool","ElasticPool","32","26.114","0","9.99872685185185","0","0"
"Atlas","thon-atlas-test-sqlserver","booking","Atlas-test-rg","ElasticPool","ElasticPool","400","162.706","0","9.99729938271605","0.016000578703703","0"
"Atlas","thon-atlas-test-sqlserver","flex-identity","Atlas-test-rg","ElasticPool","ElasticPool","48","29.469","0","9.9966049382716","5.20833333333333E-05","0"
"Atlas","thon-atlas-test-sqlserver","payment","Atlas-test-rg","ElasticPool","ElasticPool","224","219.126","0","9.99764660493827","0.00235628858024694","0"
"Atlas","thon-atlas-test-sqlserver","room","Atlas-test-rg","ElasticPool","ElasticPool","32","24.816","0","9.99930555555556","0","0"
"Atlas","thon-atlas-test-sqlserver","offline","Atlas-test-rg","ElasticPool","ElasticPool","32","29.451","0","9.99868827160494","1.44675925925926E-05","0"
"Atlas","thon-atlas-test-sqlserver","block","Atlas-test-rg","ElasticPool","ElasticPool","32","28.021","0","9.99918981481481","0.00136496913580247","0"
"Atlas","thon-atlas-test-sqlserver","checkout","Atlas-test-rg","ElasticPool","ElasticPool","64","25.042","0","9.99872685185185","0.000178240740740741","0"
"Atlas","thon-atlas-test-sqlserver","email","Atlas-test-rg","ElasticPool","ElasticPool","48","24.855","0","9.99861111111111","0","0"
"Atlas","thon-atlas-test-sqlserver","push","Atlas-test-rg","ElasticPool","ElasticPool","352","29.198","0","9.99756944444444","2.97067901234568E-05","0"
"Atlas","thon-atlas-test-sqlserver","hotel-app-backend","Atlas-test-rg","ElasticPool","ElasticPool","128","56.176","0","9.99722222222222","0.00685783179012347","0"
"Atlas","thon-atlas-test-sqlserver","stay","Atlas-test-rg","ElasticPool","ElasticPool","192","75.575","0","9.99741512345679","0.0209710648148147","0"
"Atlas","thon-atlas-test-sqlserver","atlas-identity","Atlas-test-rg","ElasticPool","ElasticPool","2048","109.081","0","9.99710648148148","0.00546141975308656","0"
"Atlas","thon-atlas-test-sqlserver","ohip-events","Atlas-test-rg","ElasticPool","ElasticPool","32","24.907","0","9.9991512345679","7.11805555555556E-05","0"
"Atlas","thon-atlas-test-sqlserver","responsys","Atlas-test-rg","ElasticPool","ElasticPool","64","31.164","0","9.99722222222222","0.000463734567901233","0"
"Atlas","thon-atlas-test-sqlserver","checkin","Atlas-test-rg","ElasticPool","ElasticPool","144","49.993","0","9.99837962962963","0.00143364197530864","0"
"Atlas","thon-atlas-test-sqlserver","profile","Atlas-test-rg","ElasticPool","ElasticPool","96","39.346","0","9.99834104938271","0.00156905864197531","0"
"Atlas","thon-atlas-test-sqlserver","sms","Atlas-test-rg","ElasticPool","ElasticPool","32","25.356","0","9.99756944444444","1.27314814814815E-05","0"
"Atlas","thon-atlas-test-sqlserver","package","Atlas-test-rg","ElasticPool","ElasticPool","48","31.835","0","9.99949845679012","0.00260146604938272","0"
"Atlas","thon-atlas-test-sqlserver","pricefeed","Atlas-test-rg","ElasticPool","ElasticPool","48","37.384","0","9.99814814814815","0.000151234567901235","0"
"Atlas","thon-atlas-test-sqlserver","company","Atlas-test-rg","ElasticPool","ElasticPool","48","36.312","0","9.99722222222222","0.000224729938271605","0"
"Atlas","thon-atlas-test-sqlserver","facebookads","Atlas-test-rg","ElasticPool","ElasticPool","48","27.847","0","9.99976851851852","0","0"
"Atlas","thon-atlas-test-sqlserver","googlehotelads","Atlas-test-rg","ElasticPool","ElasticPool","80","50.095","0","9.99710648148148","0","0"
"Atlas","thon-atlas-test-sqlserver","article","Atlas-test-rg","ElasticPool","ElasticPool","48","25.09","0","9.9966049382716","0.000148726851851852","0"
"Atlas","thon-atlas-test-sqlserver","giftcard","Atlas-test-rg","ElasticPool","ElasticPool","80","30.894","0","9.99953703703704","1.04166666666667E-05","0"
"Atlas","thon-atlas-test-sqlserver","master","Atlas-test-rg","System","System2","0","0","0","0","0","0"
"Atlas","thon-atlas-uat-sqlserver","sms","atlas-uat-rg","ElasticPool","ElasticPool","32","25.382","0","9.99664351851852","2.31481481481481E-06","0"
"Atlas","thon-atlas-uat-sqlserver","push","atlas-uat-rg","ElasticPool","ElasticPool","96","25.878","0","9.99776234567901","1.62037037037037E-05","0"
"Atlas","thon-atlas-uat-sqlserver","urlshortener","atlas-uat-rg","ElasticPool","ElasticPool","48","27.401","0","9.99938271604938","1.73611111111111E-06","0"
"Atlas","thon-atlas-uat-sqlserver","payment","atlas-uat-rg","ElasticPool","ElasticPool","208","184.288","0","9.99729938271605","0.000971643518518517","0"
"Atlas","thon-atlas-uat-sqlserver","ohip-events","atlas-uat-rg","ElasticPool","ElasticPool","32","19.894","0","9.99710648148148","5.78703703703704E-07","0"
"Atlas","thon-atlas-uat-sqlserver","room","atlas-uat-rg","ElasticPool","ElasticPool","32","23.668","0","9.99918981481481","5.78703703703704E-07","0"
"Atlas","thon-atlas-uat-sqlserver","email","atlas-uat-rg","ElasticPool","ElasticPool","32","21.122","0","9.99718364197531","5.78703703703704E-07","0"
"Atlas","thon-atlas-uat-sqlserver","profile","atlas-uat-rg","ElasticPool","ElasticPool","112","101.155","0","9.99710648148148","0.00255960648148148","0"
"Atlas","thon-atlas-uat-sqlserver","master","atlas-uat-rg","System","System2","0","0","0","0","0","0"
"Atlas","thon-atlas-uat-sqlserver","atlas-identity","atlas-uat-rg","ElasticPool","ElasticPool","496","65.686","0","9.99710648148148","0.000408371913580248","0"
"Atlas","thon-atlas-uat-sqlserver","content","atlas-uat-rg","ElasticPool","ElasticPool","1104","785.922","0","9.99826388888889","0.122023726851886","0"
"Atlas","thon-atlas-uat-sqlserver","tps","atlas-uat-rg","ElasticPool","ElasticPool","80","38.472","0","9.99918981481481","0.000306712962962963","0"
"Atlas","thon-atlas-uat-sqlserver","pricefeed","atlas-uat-rg","ElasticPool","ElasticPool","48","38.224","0","9.99965277777778","0.000270061728395062","0"
"Atlas","thon-atlas-uat-sqlserver","checkout","atlas-uat-rg","ElasticPool","ElasticPool","64","25.362","0","9.99664351851852","2.77777777777778E-05","0"
"Atlas","thon-atlas-uat-sqlserver","external-identity","atlas-uat-rg","ElasticPool","ElasticPool","32","25.515","0","9.99965277777778","5.78703703703704E-07","0"
"Atlas","thon-atlas-uat-sqlserver","package","atlas-uat-rg","ElasticPool","ElasticPool","48","30.264","0","9.99814814814815","0.00156018518518519","0"
"Atlas","thon-atlas-uat-sqlserver","block","atlas-uat-rg","ElasticPool","ElasticPool","32","22.456","0","9.99938271604938","1.73611111111111E-05","0"
"Atlas","thon-atlas-uat-sqlserver","checkin","atlas-uat-rg","ElasticPool","ElasticPool","112","106.318","0","9.99672067901234","0.000172453703703704","0"
"Atlas","thon-atlas-uat-sqlserver","company","atlas-uat-rg","ElasticPool","ElasticPool","64","34.885","0","9.99729938271605","4.1087962962963E-05","0"
"Atlas","thon-atlas-uat-sqlserver","offline","atlas-uat-rg","ElasticPool","ElasticPool","48","27.379","0","10","0.000106481481481482","0"
"Atlas","thon-atlas-uat-sqlserver","stay","atlas-uat-rg","ElasticPool","ElasticPool","176","137.604","0","9.99718364197531","0.0217170138888887","0"
"Atlas","thon-atlas-uat-sqlserver","responsys","atlas-uat-rg","ElasticPool","ElasticPool","64","29.008","0","9.99756944444444","3.125E-05","0"
"Atlas","thon-atlas-uat-sqlserver","hotel-app-backend","atlas-uat-rg","ElasticPool","ElasticPool","128","48.504","0","9.99768518518519","0.000437114197530864","0"
"Atlas","thon-atlas-uat-sqlserver","booking","atlas-uat-rg","ElasticPool","ElasticPool","336","328.848","0","9.99672067901234","0.0434701003086509","0"
"Atlas","thon-atlas-uat-sqlserver","console","atlas-uat-rg","ElasticPool","ElasticPool","592","167.525","0","9.99872685185185","0.0180266203703655","0"
"Atlas","thon-atlas-uat-sqlserver","article","atlas-uat-rg","ElasticPool","ElasticPool","32","25.511","0","9.99822530864198","0.000225694444444444","0"
"dev-thon-miljo-app","sql-dev-thon-miljo-app","sdb-dev-thon_avfall","rsg-dev-thon-miljo-app","Standard","S0","32","18.942","0","9.90846681922197","0","0"
"dev-thon-miljo-app","sql-dev-thon-miljo-app","master","rsg-dev-thon-miljo-app","System","System0","0","0","0","0","0","0"
"Ditt gavekort","dittgavekort-internet-sqlserver","DittGavekort.epi.clean","DittGavekort-internet-rg","Standard","S0","128","34.687","0","9.99444629567922","0","0"
"Ditt gavekort","dittgavekort-internet-sqlserver","DittGavekort.epi.prod","DittGavekort-internet-rg","Standard","S4","15713.364","15677.207","0","199.976851316003","0.0125658772965424","0"
"Ditt gavekort","dittgavekort-internet-sqlserver","DittGavekort.epi.dev_Copy","DittGavekort-internet-rg","Standard","S0","3168","3053.289","0","9.99339845666622","0","0"
"Ditt gavekort","dittgavekort-internet-sqlserver","master","DittGavekort-internet-rg","System","System2","0","0","0","0","0","0"
"Ditt gavekort","dittgavekort-internet-sqlserver","DittGavekort.epi.prod_Copy","DittGavekort-internet-rg","Standard","S0","3280","3176.955","0","9.99759346162034","0","0"
"Ditt gavekort","dittgavekort-internet-sqlserver","DittGavekort.epi.dev","DittGavekort-internet-rg","Standard","S2","3536","3096.353","0","49.9765524837158","0","0"
"Ditt gavekort","dittgavekort-internet-sqlserver","DittGavekort.epi.test","DittGavekort-internet-rg","Standard","S2","8528","8511.053","0","49.9768518518519","0.00122010030864198","0"
"DUE","sql-prd-olt-web1","sdb-prd-olt-web1","rsg-prd-olt-web1","Standard","S2","265.888","240.295","0","49.9913194444444","9.45216049382716E-05","0"
"DUE","sql-prd-olt-web1","master","rsg-prd-olt-web1","System","System1","0","0","0","0","0","0"
"DUE","sql-prd-timepark-web1","master","rsg-prd-timepark-web1","System","System1","0","0","0","0","0","0"
"DUE","sql-prd-timepark-web1","sdb-prd-timepark-web1","rsg-prd-timepark-web1","Standard","S2","24043.696","23922.138","0","49.9957561728395","0.0259413580246914","0"
"DUE","sql-tst-timepark-web1","sdb-tst-timepark-web1","rsg-tst-timepark-web1","Standard","S2","5286.96","5256.887","0","49.9947916666667","0.000208333333333333","0"
"DUE","sql-tst-timepark-web1","master","rsg-tst-timepark-web1","System","System1","0","0","0","0","0","0"
"prd-thon-miljo-app","sql-prd-thon-miljo-app","sdb-prd-thon_avfall","rsg-prd-thon-miljo-app","Standard","S1","32","24.419","0","16.7741935483871","0","0"
"prd-thon-miljo-app","sql-prd-thon-miljo-app","master","rsg-prd-thon-miljo-app","System","System0","0","0","0","0","0","0"
"sub-dev-leietakerportal","sql-dev-leietakerportal","master","rsg-dev-leietakerportal","System","System0","0","0","0","0","0","0"
"sub-dev-leietakerportal","sql-dev-leietakerportal","sdb-dev-leietakerportal","rsg-dev-leietakerportal","Standard","S1","42.256","30.662","0","19.9862825788752","0.00183813443072702","0"
"sub-dev-leietakerportal","sql-tst-leietakerportal","master","rsg-tst-leietakerportal","System","System0","0","0","0","0","0","0"
"sub-dev-leietakerportal","sql-tst-leietakerportal","sdb-tst-leietakerportal","rsg-tst-leietakerportal","Standard","S1","43.861","31.424","0","19.9824036600387","0.00161006510645786","0"
"sub-pub-shopping","sql-dev-databank-api1","sdb-dev-databank-api1","rsg-dev-databank-api1","Standard","S1","80","72.027","0","19.9967592592593","0.191004629629522","0"
"sub-pub-shopping","sql-dev-databank-api1","master","rsg-dev-databank-api1","System","System0","0","0","0","0","0","0"
"sub-pub-shopping","sql-dev-offerhub-web","sdb-dev-offerhub-web","rsg-dev-offerhub-web","Basic","Basic","32","26.445","0","4.99953703703704","0.000116512345679012","0"
"sub-pub-shopping","sql-dev-offerhub-web","master","rsg-dev-offerhub-web","Basic","Basic","0","0","0","0","0","0"
"sub-pub-shopping","sql-dev-profilehub-ids4","sdb-dev-profilehub-ids4-import","rsg-dev-profilehub-ids4","Standard","S0","0","0","0","0","0","0"
"sub-pub-shopping","sql-dev-profilehub-ids4","master","rsg-dev-profilehub-ids4","System","System0","0","0","0","0","0","0"
"sub-pub-shopping","sql-dev-profilehub-ids4","sdb-dev-profilehub-ids4","rsg-dev-profilehub-ids4","Standard","S1","512","500.671","0","19.9983795170961","1.15748778850383E-06","0"
"sub-pub-shopping","sql-dev-shopping-web","sdb-dev-shopping-web1-local","rsg-dev-shopping-web","GP_S_Gen5","GP_S_Gen5_1","5461.533","3977.115","0","0","0","0"
"sub-pub-shopping","sql-dev-shopping-web","sdb-prd-shopping-web1-runde-2","rsg-dev-shopping-web","GP_Gen5","GP_Gen5_2","31.988","17.92","0","0","0","0"
"sub-pub-shopping","sql-dev-shopping-web","sdb-prd-shopping-web1-runde3","rsg-dev-shopping-web","Standard","S3","12001.842","11974.553","0","99.8947511373667","0.852521445870397","0"
"sub-pub-shopping","sql-dev-shopping-web","sdb-prd-shopping-web1-runde4","rsg-dev-shopping-web","GP_Gen5","GP_Gen5_2","31.988","14.777","0","0","0","0"
"sub-pub-shopping","sql-dev-shopping-web","sdb-dev-shopping-web","rsg-dev-shopping-web","Standard","S0","12048","12018.932","0","9.99657336603665","0","0"
"sub-pub-shopping","sql-dev-shopping-web","sdb-prd-shopping-web1-2024-5-29-8-59","rsg-dev-shopping-web","Standard","S6","12030.89","12014.226","0","399.619435949711","0.811960584437649","0"
"sub-pub-shopping","sql-dev-shopping-web","master","rsg-dev-shopping-web","System","System2","0","0","0","0","0","0"
"sub-pub-shopping","sql-prd-databank-api1","sdb-prd-databank-api1","rsg-prd-databank-api1","Standard","S4","80","69.82","0","199.983024691358","8.10185185185185E-05","0"
"sub-pub-shopping","sql-prd-databank-api1","master","rsg-prd-databank-api1","System","System2","0","0","0","0","0","0"
"sub-pub-shopping","sql-prd-offerhub-web","master","rsg-prd-offerhub-web","System","System0","0","0","0","0","0","0"
"sub-pub-shopping","sql-prd-offerhub-web","sdb-prd-offerhub-web","rsg-prd-offerhub-web","Standard","S1","48","40.713","0","19.9976851851852","0.719584876543206","0"
"sub-pub-shopping","sql-prd-profilehub-ids4","master","rsg-prd-profilehub-ids4","System","System2","0","0","0","0","0","0"
"sub-pub-shopping","sql-prd-profilehub-ids4","sdb-prd-profilehub-ids4","rsg-prd-profilehub-ids4","Standard","S3","10128","10071.747","0","99.9043794224517","0","0"
"sub-pub-shopping","sql-prd-shopping-web","master","rsg-prd-shopping-web","System","System2","0","0","0","0","0","0"
"sub-pub-shopping","sql-prd-shopping-web","sdb-prd-shopping-web","rsg-prd-shopping-web","Standard","S4","32","21.647","0","199.773088268663","0","0"
"sub-pub-shopping","sql-stg-databank-api1","master","rsg-stg-databank-api1","System","System2","0","0","0","0","0","0"
"sub-pub-shopping","sql-stg-databank-api1","sdb-stg-databank-api1","rsg-stg-databank-api1","Standard","S3","80","70.309","0","99.991512345679","0.168985339506172","0"
"sub-pub-shopping","sql-stg-offerhub-web","sdb-stg-offerhub-web","rsg-stg-offerhub-web","HS_Gen5","HS_Gen5_2","10240","28.936","0","0","0","0"
"sub-pub-shopping","sql-stg-offerhub-web","master","rsg-stg-offerhub-web","System","System2","0","0","0","0","0","0"
"sub-pub-shopping","sql-stg-profilehub-ids4","sdb-stg-profilehub-ids4","rsg-stg-profilehub-ids4","Standard","S1","512","500.251","0","19.9981463030331","1.15856060430521E-06","0"
"sub-pub-shopping","sql-stg-profilehub-ids4","master","rsg-stg-profilehub-ids4","System","System0","0","0","0","0","0","0"
"sub-pub-shopping","sql-stg-shopping-web","sdb-stg-shopping-web","rsg-stg-shopping-web","Standard","S3","32","21.525","0","99.8867240598097","0","0"
"sub-pub-shopping","sql-stg-shopping-web","master","rsg-stg-shopping-web","System","System2","0","0","0","0","0","0"
"sub-pub-shopping","sql-tst-databank-api1","master","rsg-tst-databank-api1","System","System0","0","0","0","0","0","0"
"sub-pub-shopping","sql-tst-databank-api1","sdb-tst-databank-api1","rsg-tst-databank-api1","Standard","S1","80","73.087","0","19.9981481481481","0.190120293209763","0"
"sub-pub-shopping","sql-tst-offerhub-web","master","rsg-tst-offerhub-web","Basic","Basic","0","0","0","0","0","0"
"sub-pub-shopping","sql-tst-offerhub-web","sdb-tst-offerhub-web","rsg-tst-offerhub-web","Basic","Basic","32","26.4","0","4.99957561728395","1.86149691358025E-05","0"
"sub-pub-shopping","sql-tst-profilehub-ids4","sdb-tst-profilehub-ids4","rsg-tst-profilehub-ids4","Standard","S1","512","500.705","0","19.9981466036512","1.15837271800575E-05","0"
"sub-pub-shopping","sql-tst-profilehub-ids4","master","rsg-tst-profilehub-ids4","System","System0","0","0","0","0","0","0"
"sub-pub-shopping","sql-tst-shopping-web","master","rsg-tst-shopping-web","System","System2","0","0","0","0","0","0"
"sub-pub-shopping","sql-tst-shopping-web","sdb-tst-shopping-web","rsg-tst-shopping-web","Standard","S4","32","22.135","0","199.750340444848","0","0"
"sub-sbx-sandbox","sql-sbx-leietakergrensesnitt","sdb-sbx-leietakergrensesnitt-opti","rsg-sbx-leietakergrensesnitt","GP_S_Gen5","GP_S_Gen5_1","64","51.104","0","0","0","0"
"sub-sbx-sandbox","sql-sbx-leietakergrensesnitt","sdb-sbx-mvareg-pre","rsg-sbx-leietakergrensesnitt","GP_S_Gen5","GP_S_Gen5_1","48","33.796","0","0","0","0"
"sub-sbx-sandbox","sql-sbx-leietakergrensesnitt","master","rsg-sbx-leietakergrensesnitt","System","System2","0","0","0","0","0","0"
"Thon Innsikt","sql-prd-superoffice-datamirror","master","rsg-prd-superoffice-datamirror","System","System2","0","0","0","0","0","0"
"Thon Innsikt","sql-prd-superoffice-datamirror","sdb-prd-superoffice-datamirror-1","rsg-prd-superoffice-datamirror","Standard","S3","229186.505","229103.277","0","99.990740097692","2.41320770732535","0"
"Thon Innsikt","sql-tst-thoninnsikt-sqlserver","sdb-tst-thoninnsikt_sqldb","rsg-tst-thoninnsikt-data","GP_S_Gen5","GP_S_Gen5_1","0","0","0","0","0","0"
"Thon Innsikt","sql-tst-thoninnsikt-sqlserver","master","rsg-tst-thoninnsikt-data","System","System0","0","0","0","0","0","0"
"Thon Integrations","sql-dev-integrations","sdb-dev-integrations","rsg-dev-integrationplatform","GP_S_Gen5","GP_S_Gen5_2","64","23.787","0","0","0","0"
"Thon Integrations","sql-dev-integrations","master","rsg-dev-integrationplatform","System","System0","0","0","0","0","0","0"
"Thon Integrations","sql-prd-integrations","master","rsg-prd-integrationplatform","System","System2","0","0","0","0","0","0"
"Thon Integrations","sql-prd-integrations","sdb-prd-integrations","rsg-prd-integrationplatform","GP_S_Gen5","GP_S_Gen5_1","32","27.227","0","0","0","0"
"Thon Integrations","sql-tst-integrations","master","rsg-tst-integrationplatform","System","System2","0","0","0","0","0","0"
"Thon Integrations","sql-tst-integrations","sdb-tst-integrations","rsg-tst-integrationplatform","GP_S_Gen5","GP_S_Gen5_2","48","29","0","0","0","0"
"ThonEie","thoneiendom-sqlserver","SkeikampenProd_Backup","ThonEiendom-internet-rg","Standard","S4","12944","2372.671","0","199.877765554333","0","0"
"ThonEie","thoneiendom-sqlserver","ThonEiendomDev","ThonEiendom-internet-rg","Standard","S2","146736","59706.118","0","49.9884259259259","2.89351851851852E-06","0"
"ThonEie","thoneiendom-sqlserver","master","ThonEiendom-internet-rg","System","System2","0","0","0","0","0","0"
"ThonEie","thoneiendom-sqlserver","ThonEiendomTest","ThonEiendom-internet-rg","Standard","S2","146736","56200.629","0","49.9861111111111","0.656714891975309","0"
"ThonEie","thoneiendom-sqlserver","ThonEiendomProd","ThonEiendom-internet-rg","Standard","S6","175169.893","174639.859","0","399.91202685496","1.32054635953235","0"
"ThonFlex","thonflex-sql-srv-dev","master","thonflex-rg-dev","System","System0","0","0","0","0","0","0"
"ThonFlex","thonflex-sql-srv-dev","thonflex-sql-db-dev","thonflex-rg-dev","Standard","S0","96","35.365","0","9.99565511248431","1.4080653986032E-05","0"
"ThonFlex","thonflex-sql-srv-prod","master","thonflex-rg-prod","System","System1","0","0","0","0","0","0"
"ThonFlex","thonflex-sql-srv-prod","thonflex-sql-db-prod","thonflex-rg-prod","Standard","S2","128","89.664","0","49.9826388888889","0.0068383487654321","0"
"ThonFlex","thonflex-sql-srv-stage","thonflex-sql-db-stage","thonflex-rg-stage","Standard","S2","48","29.58","0","49.9645980841316","0","0"
"ThonFlex","thonflex-sql-srv-stage","master","thonflex-rg-stage","System","System1","0","0","0","0","0","0"
"ThonHotels","sql-dev-bristolweb","sdb-dev-bristolweb-shared","rsg-dev-bristolweb","Standard","S3","48","26.473","0","99.9930555555556","0.000150462962962963","0"
"ThonHotels","sql-dev-bristolweb","sdb-dev-bristolweb","rsg-dev-bristolweb","Standard","S3","976","904.246","0","99.9895833333333","0.00818865740740741","0"
"ThonHotels","sql-dev-bristolweb","master","rsg-dev-bristolweb","System","System2","0","0","0","0","0","0"
"ThonHotels","sql-dev-hotelweb","sdb-dev-hotelweb","rsg-dev-hotelweb","Standard","S3","2362.905","2274.608","0","99.9895833333333","0.0965393518518518","0"
"ThonHotels","sql-dev-hotelweb","master","rsg-dev-hotelweb","System","System2","0","0","0","0","0","0"
"ThonHotels","sql-prd-bristolweb","sdb-prd-bristolweb","rsg-prd-bristolweb","Standard","S6","1022.97","973.688","0","399.956790123457","0.0415586419753086","0"
"ThonHotels","sql-prd-bristolweb","master","rsg-prd-bristolweb","System","System2","0","0","0","0","0","0"
"ThonHotels","sql-prd-bristolweb","sdb-prd-bristolweb-shared","rsg-prd-bristolweb","Standard","S6","64","29.993","0","399.925925925926","0.00570987654320988","0"
"ThonHotels","sql-prd-hotelweb","master","rsg-prd-hotelweb","System","System2","0","0","0","0","0","0"
"ThonHotels","sql-prd-hotelweb","sdb-prd-hotelweb","rsg-prd-hotelweb","Standard","S6","3617.884","3364.846","0","399.944444444444","0.727523148148148","0"
"ThonHotels","sql-tst-bristolweb","sdb-tst-bristolweb-shared","rsg-tst-bristolweb","Standard","S3","32","24.608","0","99.9895833333333","0.00023533950617284","0"
"ThonHotels","sql-tst-bristolweb","sdb-tst-bristolweb","rsg-tst-bristolweb","Standard","S3","976","910.296","0","99.9776234567901","0.00791280864197531","0"
"ThonHotels","sql-tst-bristolweb","master","rsg-tst-bristolweb","System","System2","0","0","0","0","0","0"
"ThonHotels","sql-tst-hotelweb","sdb-tst-hotelweb","rsg-tst-hotelweb","Standard","S3","3696","2810.674","0","99.9895833333333","0.236168981481482","0"
"ThonHotels","sql-tst-hotelweb","master","rsg-tst-hotelweb","System","System2","0","0","0","0","0","0"
"ThonHotels","sql-uat-bristolweb","sdb-uat-bristolweb-shared","rsg-uat-bristolweb","Standard","S3","32","26.55","0","99.9872685185185","7.52314814814815E-05","0"
"ThonHotels","sql-uat-bristolweb","sdb-uat-bristolweb","rsg-uat-bristolweb","Standard","S3","976","903.305","0","99.9768518518518","0.00796875","0"
"ThonHotels","sql-uat-bristolweb","master","rsg-uat-bristolweb","System","System2","0","0","0","0","0","0"
"ThonHotels","sql-uat-hotelweb","master","rsg-uat-hotelweb","System","System2","0","0","0","0","0","0"
"ThonHotels","sql-uat-hotelweb","sdb-uat-hotelweb","rsg-uat-hotelweb","Standard","S3","2442.468","2363.901","0","99.993048797442","0.175933005854457","0"
"ThonPortal","sql-dev-konsernportal-web","master","rsg-dev-konsernportal-web","System","System2","0","0","0","0","0","0"
"ThonPortal","sql-dev-konsernportal-web","sdb-dev-konsernportal-web","rsg-dev-konsernportal-web","GP_Gen5","GP_Gen5_2","288","179.555","0","0","0","0"
"ThonPortal","sql-dev-mvareg","sdb-dev-mvareg","rsg-dev-mvareg","Standard","S1","32","23.827","0","19.9979166666667","0","0"
"ThonPortal","sql-dev-mvareg","sdb-dev-mvareg-pre","rsg-dev-mvareg","Standard","S1","0","0","0","0","0","0"
"ThonPortal","sql-dev-mvareg","sdb-dev-mvareg-req","rsg-dev-mvareg","Standard","S1","0","0","0","0","0","0"
"ThonPortal","sql-dev-mvareg","master","rsg-dev-mvareg","System","System0","0","0","0","0","0","0"
"ThonPortal","sql-prd-konsernportal-web","sdb-prd-konsernportal-web","rsg-prd-konsernportal-web","GP_Gen5","GP_Gen5_2","314.003","290.187","0","0","0","0"
"ThonPortal","sql-prd-konsernportal-web","master","rsg-prd-konsernportal-web","System","System2","0","0","0","0","0","0"
"ThonPortal","sql-prd-mvareg","master","rsg-prd-mvareg","System","System1","0","0","0","0","0","0"
"ThonPortal","sql-prd-mvareg","sdb-prd-mvareg-pre","rsg-prd-mvareg","Standard","S1","64","48.489","0","19.9981481481481","0.017039737654321","0"
"ThonPortal","sql-prd-mvareg","sdb-prd-mvareg","rsg-prd-mvareg","Standard","S1","48","30.217","0","19.9965277777778","0.000124228395061728","0"
"ThonPortal","sql-prd-mvareg","sdb-prd-mvareg-req","rsg-prd-mvareg","Standard","S1","48","38.664","0","19.9978395061728","0.0168097993827136","0"
"ThonPortal","sql-stg-konsernportal-web","sdb-stg-konsernportal-web","rsg-stg-konsernportal-web","GP_Gen5","GP_Gen5_2","288","181.391","0","0","0","0"
"ThonPortal","sql-stg-konsernportal-web","master","rsg-stg-konsernportal-web","System","System2","0","0","0","0","0","0"
"ThonPortal","sql-tst-konsernportal-web","sdb-tst-konsernportal-web","rsg-tst-konsernportal-web","GP_Gen5","GP_Gen5_2","288","182.496","0","0","0","0"
"ThonPortal","sql-tst-konsernportal-web","master","rsg-tst-konsernportal-web","System","System2","0","0","0","0","0","0"
"ThonShopping","sql-dev-shopping-web1","sdb-dev-shopping-web1-local","rsg-dev-shopping-web1","Standard","S6","71104","19752.094","0","399.910493827161","0.116265432098765","0"
"ThonShopping","sql-dev-shopping-web1","master","rsg-dev-shopping-web1","System","System2","0","0","0","0","0","0"
"ThonShopping","sql-dev-shopping-web1","sdb-dev-shopping-web1-local_Upgrade","rsg-dev-shopping-web1","Standard","S6","71104","19700.179","0","399.823087129589","0","0"
"ThonShopping","sql-dev-shopping-web1","sdb-dev-shopping-web1","rsg-dev-shopping-web1","Standard","S6","71104","20334.929","0","399.679901508156","0","0"
"ThonShopping","sql-prd-shopping-web1","master","rsg-prd-shopping-web1","System","System2","0","0","0","0","0","0"
"ThonShopping","sql-prd-shopping-web1","sdb-prd-shopping-web1","rsg-prd-shopping-web1","Standard","S6","71104","20385.895","0","399.91049382716","1.75380401234568","0"
"ThonShopping","sql-stg-shopping-web1","sdb-prd-shopping-web1_CopyForStage","rsg-stg-shopping-web1","Standard","S6","71104","20335.93","0","399.665567161444","0","0"
"ThonShopping","sql-stg-shopping-web1","sdb-stg-shopping-web1","rsg-stg-shopping-web1","Standard","S6","71104","20232.629","0","399.925925925926","1.0960725308642","0"
"ThonShopping","sql-stg-shopping-web1","master","rsg-stg-shopping-web1","System","System2","0","0","0","0","0","0"
"ThonShopping","sql-tst-shopping-web1","sdb-tst-shopping-web1","rsg-tst-shopping-web1","Standard","S6","71104","19276.377","0","399.962962962963","0.0695524691358025","0"
"ThonShopping","sql-tst-shopping-web1","sdb-prd-shopping-web1_Copy","rsg-tst-shopping-web1","Standard","S6","71104","20312.187","0","399.137735420921","0","0"
"ThonShopping","sql-tst-shopping-web1","master","rsg-tst-shopping-web1","System","System2","0","0","0","0","0","0"
"ThonShopping","sql-tst-shopping-web1","sdb-tst-shopping-web1_Upgrade","rsg-tst-shopping-web1","Standard","S6","71104","19285.674","0","399.825859817153","0","0"
"ThonShopping","thonshopping-internet-sqlserver","master","ThonShopping-internet-rg","System","System2","0","0","0","0","0","0"
"ThonShopping","thonshopping-internet-sqlserver","thonshopping.basedata.stage","ThonShopping-internet-rg","Standard","S4","224","128.757","0","199.935185185185","0.0579899691358025","0"
"ThonShopping","thonshopping-internet-sqlserver","thonshopping.basedata.test","ThonShopping-internet-rg","Standard","S3","128","94.89","0","99.9675918424038","0.353821847727956","0"
"ThonShopping","thonshopping-internet-sqlserver","thonshopping.basedata.prod","ThonShopping-internet-rg","Standard","S6","240","181.958","0","399.913580246914","0.0892901234567901","0"
"ThonShopping","thonshopping-internet-sqlserver","thonshopping.basedata.dev","ThonShopping-internet-rg","Standard","S3","224","102.478","0","99.9783945616025","0.329639189178761","0"
"tst-thon-miljo-app","sql-tst-thon-miljo-app","master","rsg-tst-thon-miljo-app","System","System0","0","0","0","0","0","0"
"tst-thon-miljo-app","sql-tst-thon-miljo-app","sdb-tst-thon_avfall","rsg-tst-thon-miljo-app","Standard","S0","32","11.308","0","9.64285714285714","0","0"
